test,1521818002243266048,10118,16171819323334354849505164656667808182839697980000
test,1521818002368534016,10118,99121314152829303144454647606162637677787992930001
test,1521818002494657024,10118,94950809101124252627404142435657585972737475880002
test,1521818002619579904,10118,89909104050607202122233637383952535455686970710003
test,1521818002744594176,10118,84858687000102031617181932333435484950516465660004
test,1521818002899475968,10118,67808182839697989912131415282930314445464760610005
test,1521818003056561920,10118,62637677787992939495080910112425262740414243560006
test,1521818004182104064,10118,57585972737475888990910405060720212223363738390007
test,1521818004307044864,10118,52535455686970718485868700010203161718193233340008
test,1521818004461103872,10118,35484950516465666780818283969798991213141528290009
test,1521818005523660800,10118,30314445464760616263767778799293949508091011240010
test,1521818005619574016,10118,25262740414243565758597273747588899091040506070011
test,1521818005744559104,10118,20212223363738395253545568697071848586870001020012
test,1521818005868343040,10118,03161718193233343548495051646566678081828396970013
test,1521818006023464960,10118,98991213141528293031444546476061626376777879920014
test,1521818007086083840,10118,93949508091011242526274041424356575859727374750015
test,1521818007182169088,10118,88899091040506072021222336373839525354556869700016
test,1521818007307044864,10118,71848586870001020316171819323334354849505164650017
test,1521818007461950976,10118,66678081828396979899121314152829303144454647600018
test,1521818007555685888,10118,61626376777879929394950809101124252627404142430019
test,1521818008712003840,10118,56575859727374758889909104050607202122233637380020
test,1521818008804577024,10118,39525354556869707184858687000102031617181932330021
test,1521818008929846016,10118,34354849505164656667808182839697989912131415280022
test,1521818009976672000,10118,29303144454647606162637677787992939495080910110023
test,1521818011971806976,10118,24252627404142435657585972737475888990910405060024
test,1521818012086098944,10118,07202122233637383952535455686970718485868700010025
test,1521818012211904000,10118,02031617181932333435484950516465666780818283960026
test,1521818012368137984,10118,97989912131415282930314445464760616263767778790027
test,1521818012461686016,10118,92939495080910112425262740414243565758597273740028
test,1521818012588251136,10118,75888990910405060720212223363738395253545568690029
test,1521818012713154048,10118,70718485868700010203161718193233343548495051640030
test,1521818012868249856,10118,65666780818283969798991213141528293031444546470031
test,1521818012961821952,10118,60616263767778799293949508091011242526274041420032
test,1521818013088187904,10118,43565758597273747588899091040506072021222336370033
test,1521818013213171968,10118,38395253545568697071848586870001020316171819320034
test,1521818013366964224,10118,33343548495051646566678081828396979899121314150035
test,1521818014429719040,10118,28293031444546476061626376777879929394950809100036
test,1521818014525796864,10118,11242526274041424356575859727374758889909104050037
test,1521818014650771968,10118,06072021222336373839525354556869707184858687000038
test,1521818014775799040,10118,01020316171819323334354849505164656667808182830039
test,1521818014929673984,10118,96979899121314152829303144454647606162637677780040
test,1521818015992242944,10118,79929394950809101124252627404142435657585972730041
test,1521818016088185088,10118,74758889909104050607202122233637383952535455680042
test,1521818016213152768,10118,69707184858687000102031617181932333435484950510043
test,1521818016366971904,10118,64656667808182839697989912131415282930314445460044
test,1521818017429792768,10118,47606162637677787992939495080910112425262740410045
test,1521818017525618176,10118,42435657585972737475888990910405060720212223360046
test,1521818017650628096,10118,37383952535455686970718485868700010203161718190047
test,1521818017805520128,10118,32333435484950516465666780818283969798991213140048
test,1521818017900729856,10118,15282930314445464760616263767778799293949508090049
test,1521818018014137856,10118,10112425262740414243565758597273747588899091040050
test,1521818023244301056,10118,05060720212223363738395253545568697071848586870051
test,1521818023369307904,10118,00010203161718193233343548495051646566678081820052
test,1521818023523184896,10118,83969798991213141528293031444546476061626376770053
test,1521818024585755136,10118,78799293949508091011242526274041424356575859720054
test,1521818024681824000,10118,73747588899091040506072021222336373839525354550055
test,1521818024806760960,10118,68697071848586870001020316171819323334354849500056
test,1521818024960726016,10118,51646566678081828396979899121314152829303144450057
test,1521818026069547776,10118,46476061626376777879929394950809101124252627400058
test,1521818028210510080,10118,41424356575859727374758889909104050607202122230059
test,1521818028306742016,10118,36373839525354556869707184858687000102031617180060
test,1521818028460642048,10118,19323334354849505164656667808182839697989912130061
test,1521818029494016000,10118,14152829303144454647606162637677787992939495080062
test,1521818029618112000,10118,09101124252627404142435657585972737475888990910063
test,1521818029744153856,10118,04050607202122233637383952535455686970718485860064
test,1521818029869147136,10118,87000102031617181932333435484950516465666780810065
test,1521818030024195840,10118,82839697989912131415282930314445464760616263760066
test,1521818034178971136,10118,77787992939495080910112425262740414243565758590067
test,1521818034272197120,10118,72737475888990910405060720212223363738395253540068
test,1521818035431600128,10118,55686970718485868700010203161718193233343548490069
test,1521818035586396928,10118,50516465666780818283969798991213141528293031440070
test,1521818035681755136,10118,45464760616263767778799293949508091011242526270071
test,1521818035806544896,10118,40414243565758597273747588899091040506072021220072
test,1521818035931557888,10118,23363738395253545568697071848586870001020316170073
test,1521818036086615040,10118,18193233343548495051646566678081828396979899120074
test,1521818036241355008,10118,13141528293031444546476061626376777879929394950075
test,1521818036337884928,10118,08091011242526274041424356575859727374758889900076
test,1521818036462841088,10118,91040506072021222336373839525354556869707184850077
test,1521818036587831040,10118,86870001020316171819323334354849505164656667800078
test,1521818036741876992,10118,81828396979899121314152829303144454647606162630079
test,1521818037804340992,10118,76777879929394950809101124252627404142435657580080
test,1521818037900293120,10118,59727374758889909104050607202122233637383952530081
test,1521818038025307904,10118,54556869707184858687000102031617181932333435480082
test,1521818038131998976,10118,49505164656667808182839697989912131415282930310083
test,1521818043336332032,10118,44454647606162637677787992939495080910112425260084
test,1521818043462793984,10118,27404142435657585972737475888990910405060720210085
test,1521818043587634176,10118,22233637383952535455686970718485868700010203160086
test,1521818043711500032,10118,17181932333435484950516465666780818283969798990087
test,1521818043867672064,10118,12131415282930314445464760616263767778799293940088
test,1521818043961479936,10118,95080910112425262740414243565758597273747588890089
test,1521818044087824128,10118,90910405060720212223363738395253545568697071840090
test,1521818044212732928,10118,85868700010203161718193233343548495051646566670091
test,1521818044369158912,10118,80818283969798991213141528293031444546476061620092
test,1521818044462861056,10118,63767778799293949508091011242526274041424356570093
test,1521818044587685120,10118,58597273747588899091040506072021222336373839520094
test,1521818044712688896,10118,53545568697071848586870001020316171819323334350095
test,1521818044867585024,10118,48495051646566678081828396979899121314152829300096
test,1521818044962867968,10118,31444546476061626376777879929394950809101124250097
test,1521818045087745792,10118,26274041424356575859727374758889909104050607200098
test,1521818050272530176,10118,21222336373839525354556869707184858687000102030099
test,1521818050430157824,10118,16171819323334354849505164656667808182839697980100
test,1521818050554134016,10118,99121314152829303144454647606162637677787992930101
test,1521818051616748032,10118,94950809101124252627404142435657585972737475880102
test,1521818051712628992,10118,89909104050607202122233637383952535455686970710103
test,1521818051837690112,10118,84858687000102031617181932333435484950516465660104
test,1521818051991581952,10118,67808182839697989912131415282930314445464760610105
test,1521818053054147072,10118,62637677787992939495080910112425262740414243560106
test,1521818053150124032,10118,57585972737475888990910405060720212223363738390107
test,1521818053306106112,10118,52535455686970718485868700010203161718193233340108
test,1521818053430139136,10118,35484950516465666780818283969798991213141528290109
test,1521818053525208832,10118,30314445464760616263767778799293949508091011240110
test,1521818053650100992,10118,25262740414243565758597273747588899091040506070111
test,1521818053775220992,10118,20212223363738395253545568697071848586870001020112
test,1521818053898864128,10118,03161718193233343548495051646566678081828396970113
test,1521818054054002944,10118,98991213141528293031444546476061626376777879920114
test,1521818055116466944,10118,93949508091011242526274041424356575859727374750115
test,1521818055212759040,10118,88899091040506072021222336373839525354556869700116
test,1521818055337486080,10118,71848586870001020316171819323334354849505164650117
test,1521818055492517120,10118,66678081828396979899121314152829303144454647600118
test,1521818055586216960,10118,61626376777879929394950809101124252627404142430119
test,1521818055743362048,10118,56575859727374758889909104050607202122233637380120
test,1521818055837587968,10118,39525354556869707184858687000102031617181932330121
test,1521818055992589056,10118,34354849505164656667808182839697989912131415280122
test,1521818056087727104,10118,29303144454647606162637677787992939495080910110123
test,1521818056212512000,10118,24252627404142435657585972737475888990910405060124
test,1521818056337547008,10118,07202122233637383952535455686970718485868700010125
test,1521818056462760960,10118,02031617181932333435484950516465666780818283960126
test,1521818056616384000,10118,97989912131415282930314445464760616263767778790127
test,1521818057679109120,10118,92939495080910112425262740414243565758597273740128
test,1521818057775041024,10118,75888990910405060720212223363738395253545568690129
test,1521818057900029952,10118,70718485868700010203161718193233343548495051640130
test,1521818058054898944,10118,65666780818283969798991213141528293031444546470131
test,1521818058148727040,10118,60616263767778799293949508091011242526274041420132
test,1521818058256236032,10118,43565758597273747588899091040506072021222336370133
test,1521818060397588992,10118,38395253545568697071848586870001020316171819320134
test,1521818060523639808,10118,33343548495051646566678081828396979899121314150135
test,1521818060618952960,10118,28293031444546476061626376777879929394950809100136
test,1521818060743944960,10118,11242526274041424356575859727374758889909104050137
test,1521818060868819968,10118,06072021222336373839525354556869707184858687000138
test,1521818060993805056,10118,01020316171819323334354849505164656667808182830139
test,1521818061147703040,10118,96979899121314152829303144454647606162637677780140
test,1521818062210264064,10118,79929394950809101124252627404142435657585972730141
test,1521818066336446976,10118,74758889909104050607202122233637383952535455680142
test,1521818066462352896,10118,69707184858687000102031617181932333435484950510143
test,1521818066616306944,10118,64656667808182839697989912131415282930314445460144
test,1521818067678759936,10118,47606162637677787992939495080910112425262740410145
test,1521818067774925056,10118,42435657585972737475888990910405060720212223360146
test,1521818067899835136,10118,37383952535455686970718485868700010203161718190147
test,1521818068054717952,10118,32333435484950516465666780818283969798991213140148
test,1521818068150031104,10118,15282930314445464760616263767778799293949508090149
test,1521818068273579008,10118,10112425262740414243565758597273747588899091040150
test,1521818068400037888,10118,05060720212223363738395253545568697071848586870151
test,1521818068524893952,10118,00010203161718193233343548495051646566678081820152
test,1521818068679887104,10118,83969798991213141528293031444546476061626376770153
test,1521818068773672192,10118,78799293949508091011242526274041424356575859720154
test,1521818068899721984,10118,73747588899091040506072021222336373839525354550155
test,1521818069024964096,10118,68697071848586870001020316171819323334354849500156
test,1521818069148667136,10118,51646566678081828396979899121314152829303144450157
test,1521818069274835200,10118,46476061626376777879929394950809101124252627400158
test,1521818069399908096,10118,41424356575859727374758889909104050607202122230159
test,1521818069524823040,10118,36373839525354556869707184858687000102031617180160
test,1521818069678947840,10118,19323334354849505164656667808182839697989912130161
test,1521818070804925952,10118,14152829303144454647606162637677787992939495080162
test,1521818070929915904,10118,09101124252627404142435657585972737475888990910163
test,1521818071056036096,10118,04050607202122233637383952535455686970718485860164
test,1521818071181078784,10118,87000102031617181932333435484950516465666780810165
test,1521818071318532864,10118,82839697989912131415282930314445464760616263760166
test,1521818073397604096,10118,77787992939495080910112425262740414243565758590167
test,1521818074586235904,10118,72737475888990910405060720212223363738395253540168
test,1521818074681070080,10118,55686970718485868700010203161718193233343548490169
test,1521818074835931904,10118,50516465666780818283969798991213141528293031440170
test,1521818074929766912,10118,45464760616263767778799293949508091011242526270171
test,1521818075087075840,10118,40414243565758597273747588899091040506072021220172
test,1521818075181655808,10118,23363738395253545568697071848586870001020316170173
test,1521818075335860992,10118,18193233343548495051646566678081828396979899120174
test,1521818075460004096,10118,13141528293031444546476061626376777879929394950175
test,1521818076522409984,10118,08091011242526274041424356575859727374758889900176
test,1521818076618621952,10118,91040506072021222336373839525354556869707184850177
test,1521818076743377920,10118,86870001020316171819323334354849505164656667800178
test,1521818076898376960,10118,81828396979899121314152829303144454647606162630179
test,1521818076993637120,10118,76777879929394950809101124252627404142435657580180
test,1521818077118464000,10118,59727374758889909104050607202122233637383952530181
test,1521818077243576064,10118,54556869707184858687000102031617181932333435480182
test,1521818078367165952,10118,49505164656667808182839697989912131415282930310183
test,1521818078428845056,10118,44454647606162637677787992939495080910112425260184
test,1521818078555949824,10118,27404142435657585972737475888990910405060720210185
test,1521818078680985088,10118,22233637383952535455686970718485868700010203160186
test,1521818078834871040,10118,17181932333435484950516465666780818283969798990187
test,1521818079868338944,10118,12131415282930314445464760616263767778799293940188
test,1521818079992024064,10118,95080910112425262740414243565758597273747588890189
test,1521818080118403072,10118,90910405060720212223363738395253545568697071840190
test,1521818080243315968,10118,85868700010203161718193233343548495051646566670191
test,1521818080373231872,10118,80818283969798991213141528293031444546476061620192
test,1521818086490715136,10118,63767778799293949508091011242526274041424356570193
test,1521818086648318976,10118,58597273747588899091040506072021222336373839520194
test,1521818086743452160,10118,53545568697071848586870001020316171819323334350195
test,1521818086867070976,10118,48495051646566678081828396979899121314152829300196
test,1521818086993470976,10118,31444546476061626376777879929394950809101124250197
test,1521818087118330880,10118,26274041424356575859727374758889909104050607200198
test,1521818087243266048,10118,21222336373839525354556869707184858687000102030199
test,1521818087398320896,10118,16171819323334354849505164656667808182839697980200
test,1521818087492109056,10118,99121314152829303144454647606162637677787992930201
test,1521818087617010176,10118,94950809101124252627404142435657585972737475880202
test,1521818087743404032,10118,89909104050607202122233637383952535455686970710203
test,1521818087868397056,10118,84858687000102031617181932333435484950516465660204
test,1521818088023255040,10118,67808182839697989912131415282930314445464760610205
test,1521818088118420992,10118,62637677787992939495080910112425262740414243560206
test,1521818088243208960,10118,57585972737475888990910405060720212223363738390207
test,1521818088368197888,10118,52535455686970718485868700010203161718193233340208
test,1521818088554568960,10118,35484950516465666780818283969798991213141528290209
test,1521818088648190976,10118,30314445464760616263767778799293949508091011240210
test,1521818088774583040,10118,25262740414243565758597273747588899091040506070211
test,1521818088899739904,10118,20212223363738395253545568697071848586870001020212
test,1521818089053641984,10118,03161718193233343548495051646566678081828396970213
test,1521818091241886976,10118,98991213141528293031444546476061626376777879920214
test,1521818091335612160,10118,93949508091011242526274041424356575859727374750215
test,1521818091443468032,10118,88899091040506072021222336373839525354556869700216
test,1521818095618285056,10118,71848586870001020316171819323334354849505164650217
test,1521818095773121024,10118,66678081828396979899121314152829303144454647600218
test,1521818095868504064,10118,61626376777879929394950809101124252627404142430219
test,1521818095993132032,10118,56575859727374758889909104050607202122233637380220
test,1521818096118252032,10118,39525354556869707184858687000102031617181932330221
test,1521818096273008128,10118,34354849505164656667808182839697989912131415280222
test,1521818096366707968,10118,29303144454647606162637677787992939495080910110223
test,1521818096474651136,10118,24252627404142435657585972737475888990910405060224
test,1521818099711954944,10118,07202122233637383952535455686970718485868700010225
test,1521818099837114112,10118,02031617181932333435484950516465666780818283960226
test,1521818099990819072,10118,97989912131415282930314445464760616263767778790227
test,1521818101053448960,10118,92939495080910112425262740414243565758597273740228
test,1521818101149329920,10118,75888990910405060720212223363738395253545568690229
test,1521818101274270976,10118,70718485868700010203161718193233343548495051640230
test,1521818102398220032,10118,65666780818283969798991213141528293031444546470231
test,1521818102493294080,10118,60616263767778799293949508091011242526274041420232
test,1521818103649523968,10118,43565758597273747588899091040506072021222336370233
test,1521818103742599936,10118,38395253545568697071848586870001020316171819320234
test,1521818104866964224,10118,33343548495051646566678081828396979899121314150235
test,1521818104993277952,10118,28293031444546476061626376777879929394950809100236
test,1521818105116674048,10118,11242526274041424356575859727374758889909104050237
test,1521818105243067904,10118,06072021222336373839525354556869707184858687000238
test,1521818105368100864,10118,01020316171819323334354849505164656667808182830239
test,1521818105513360896,10118,96979899121314152829303144454647606162637677780240
test,1521818106538003968,10118,79929394950809101124252627404142435657585972730241
test,1521818112774285056,10118,74758889909104050607202122233637383952535455680242
test,1521818112899315968,10118,69707184858687000102031617181932333435484950510243
test,1521818113054135040,10118,64656667808182839697989912131415282930314445460244
test,1521818113149227008,10118,47606162637677787992939495080910112425262740410245
test,1521818113274159872,10118,42435657585972737475888990910405060720212223360246
test,1521818113399168000,10118,37383952535455686970718485868700010203161718190247
test,1521818113523028992,10118,32333435484950516465666780818283969798991213140248
test,1521818113649221888,10118,15282930314445464760616263767778799293949508090249
test,1521818113772972032,10118,10112425262740414243565758597273747588899091040250
test,1521818113899405056,10118,05060720212223363738395253545568697071848586870251
test,1521818114024193024,10118,00010203161718193233343548495051646566678081820252
test,1521818114178054144,10118,83969798991213141528293031444546476061626376770253
test,1521818115240654080,10118,78799293949508091011242526274041424356575859720254
test,1521818115336529920,10118,73747588899091040506072021222336373839525354550255
test,1521818115461739008,10118,68697071848586870001020316171819323334354849500256
test,1521818115583760128,10118,51646566678081828396979899121314152829303144450257
test,1521818123867921152,10118,46476061626376777879929394950809101124252627400258
test,1521818123992903936,10118,41424356575859727374758889909104050607202122230259
test,1521818124117764096,10118,36373839525354556869707184858687000102031617180260
test,1521818125241480960,10118,19323334354849505164656667808182839697989912130261
test,1521818125335116032,10118,14152829303144454647606162637677787992939495080262
test,1521818125460237056,10118,09101124252627404142435657585972737475888990910263
test,1521818125586468096,10118,04050607202122233637383952535455686970718485860264
test,1521818125711453952,10118,87000102031617181932333435484950516465666780810265
test,1521818125865524992,10118,82839697989912131415282930314445464760616263760266
test,1521818126928044032,10118,77787992939495080910112425262740414243565758590267
test,1521818127024045056,10118,72737475888990910405060720212223363738395253540268
test,1521818127149035008,10118,55686970718485868700010203161718193233343548490269
test,1521818128303971072,10118,50516465666780818283969798991213141528293031440270
test,1521818128365529088,10118,45464760616263767778799293949508091011242526270271
test,1521818128492742912,10118,40414243565758597273747588899091040506072021220272
test,1521818128617784064,10118,23363738395253545568697071848586870001020316170273
test,1521818128772721920,10118,18193233343548495051646566678081828396979899120274
test,1521818128866596864,10118,13141528293031444546476061626376777879929394950275
test,1521818128991344896,10118,08091011242526274041424356575859727374758889900276
test,1521818129117764864,10118,91040506072021222336373839525354556869707184850277
test,1521818129242657792,10118,86870001020316171819323334354849505164656667800278
test,1521818129397593088,10118,81828396979899121314152829303144454647606162630279
test,1521818129492913920,10118,76777879929394950809101124252627404142435657580280
test,1521818129617629952,10118,59727374758889909104050607202122233637383952530281
test,1521818129742611968,10118,54556869707184858687000102031617181932333435480282
test,1521818129896663040,10118,49505164656667808182839697989912131415282930310283
test,1521818130959106816,10118,44454647606162637677787992939495080910112425260284
test,1521818131055277056,10118,27404142435657585972737475888990910405060720210285
test,1521818131181009920,10118,22233637383952535455686970718485868700010203160286
test,1521818131304102912,10118,17181932333435484950516465666780818283969798990287
test,1521818131460186880,10118,12131415282930314445464760616263767778799293940288
test,1521818131555229952,10118,95080910112425262740414243565758597273747588890289
test,1521818131680289024,10118,90910405060720212223363738395253545568697071840290
test,1521818131805231104,10118,85868700010203161718193233343548495051646566670291
test,1521818131960128000,10118,80818283969798991213141528293031444546476061620292
test,1521818132053767936,10118,63767778799293949508091011242526274041424356570293
test,1521818132180134912,10118,58597273747588899091040506072021222336373839520294
test,1521818132305131008,10118,53545568697071848586870001020316171819323334350295
test,1521818132429056768,10118,48495051646566678081828396979899121314152829300296
test,1521818132555296000,10118,31444546476061626376777879929394950809101124250297
test,1521818132711421952,10118,26274041424356575859727374758889909104050607200298
test,1521818133836612096,10118,21222336373839525354556869707184858687000102030299
test,1521818133929828864,10118,16171819323334354849505164656667808182839697980300
test,1521818134054085888,10118,99121314152829303144454647606162637677787992930301
test,1521818134180363008,10118,94950809101124252627404142435657585972737475880302
test,1521818134305242112,10118,89909104050607202122233637383952535455686970710303
test,1521818134430248960,10118,84858687000102031617181932333435484950516465660304
test,1521818134585114112,10118,67808182839697989912131415282930314445464760610305
test,1521818134680278016,10118,62637677787992939495080910112425262740414243560306
test,1521818134805159168,10118,57585972737475888990910405060720212223363738390307
test,1521818134930118144,10118,52535455686970718485868700010203161718193233340308
test,1521818135084135936,10118,35484950516465666780818283969798991213141528290309
test,1521818136146524928,10118,30314445464760616263767778799293949508091011240310
test,1521818136242473984,10118,25262740414243565758597273747588899091040506070311
test,1521818136367577088,10118,20212223363738395253545568697071848586870001020312
test,1521818136491340032,10118,03161718193233343548495051646566678081828396970313
test,1521818136647585024,10118,98991213141528293031444546476061626376777879920314
test,1521818136742700032,10118,93949508091011242526274041424356575859727374750315
test,1521818136867572992,10118,88899091040506072021222336373839525354556869700316
test,1521818136992643072,10118,71848586870001020316171819323334354849505164650317
test,1521818137147494144,10118,66678081828396979899121314152829303144454647600318
test,1521818137241143040,10118,61626376777879929394950809101124252627404142430319
test,1521818137367537920,10118,56575859727374758889909104050607202122233637380320
test,1521818137519118080,10118,39525354556869707184858687000102031617181932330321
test,1521818138553821952,10118,34354849505164656667808182839697989912131415280322
test,1521818138678778880,10118,29303144454647606162637677787992939495080910110323
test,1521818138805203968,10118,24252627404142435657585972737475888990910405060324
test,1521818138930143232,10118,07202122233637383952535455686970718485868700010325
test,1521818139053777920,10118,02031617181932333435484950516465666780818283960326
test,1521818139179008000,10118,97989912131415282930314445464760616263767778790327
test,1521818139305201152,10118,92939495080910112425262740414243565758597273740328
test,1521818139420474112,10118,75888990910405060720212223363738395253545568690329
test,1521818143586347008,10118,70718485868700010203161718193233343548495051640330
test,1521818143741286912,10118,65666780818283969798991213141528293031444546470331
test,1521818143836379904,10118,60616263767778799293949508091011242526274041420332
test,1521818143961253888,10118,43565758597273747588899091040506072021222336370333
test,1521818144086191872,10118,38395253545568697071848586870001020316171819320334
test,1521818144240081152,10118,33343548495051646566678081828396979899121314150335
test,1521818145302732032,10118,28293031444546476061626376777879929394950809100336
test,1521818145398842112,10118,11242526274041424356575859727374758889909104050337
test,1521818145522487040,10118,06072021222336373839525354556869707184858687000338
test,1521818145648870912,10118,01020316171819323334354849505164656667808182830339
test,1521818145803675904,10118,96979899121314152829303144454647606162637677780340
test,1521818145897463040,10118,79929394950809101124252627404142435657585972730341
test,1521818146023750912,10118,74758889909104050607202122233637383952535455680342
test,1521818146148755200,10118,69707184858687000102031617181932333435484950510343
test,1521818146303639040,10118,64656667808182839697989912131415282930314445460344
test,1521818146398925056,10118,47606162637677787992939495080910112425262740410345
test,1521818146554505216,10118,42435657585972737475888990910405060720212223360346
test,1521818147586275072,10118,37383952535455686970718485868700010203161718190347
test,1521818147740221952,10118,32333435484950516465666780818283969798991213140348
test,1521818148802648064,10118,15282930314445464760616263767778799293949508090349
test,1521818148897510912,10118,10112425262740414243565758597273747588899091040350
test,1521818149023851008,10118,05060720212223363738395253545568697071848586870351
test,1521818149148792064,10118,00010203161718193233343548495051646566678081820352
test,1521818149302665984,10118,83969798991213141528293031444546476061626376770353
test,1521818150365107968,10118,78799293949508091011242526274041424356575859720354
test,1521818150461064192,10118,73747588899091040506072021222336373839525354550355
